{"train/learning_rate":1.1834527918740623e-06,"train/global_step":114,"train_samples_per_second":2.999,"eval/loss":0.5243145227432251,"eval/samples_per_second":11.804,"_runtime":614,"_step":27,"train/epoch":3,"train_steps_per_second":0.187,"_timestamp":1.7725301815464523e+09,"_wandb":{"runtime":614},"train/grad_norm":0.6526948809623718,"train_runtime":608.3018,"train/loss":0.2269,"eval/runtime":5.5914,"total_flos":5.515769808794419e+16,"train_loss":0.4471273286300793,"eval/steps_per_second":1.61}